id_factura,fecha_contabilizacion,cuenta_contable,centro_costo,valor_debito,valor_credito,estado
FAC-0001,2026-02-15,512010,CC3001,4435200,4435200,Contabilizada
FAC-0002,2026-03-18,519525,CC1002,4531000,4531000,Contabilizada
FAC-0003,2026-01-02,512010,CC1001,693000,693000,Contabilizada
FAC-0004,2026-01-06,511010,CC1001,3659250,3659250,Contabilizada
FAC-0005,2026-02-03,512010,CC1002,4898500,4898500,Contabilizada
FAC-0006,2026-03-08,519525,CC2001,3990000,3990000,Contabilizada
FAC-0008,2026-03-27,519525,CC1001,254100,254100,Contabilizada
FAC-0009,2026-03-04,512010,CC1002,615600,615600,Contabilizada
FAC-0010,2026-01-18,512010,CC1001,3093500,3093500,Contabilizada
FAC-0011,2026-03-10,513595,CC2001,4464200,4464200,Pendiente
FAC-0012,2026-03-12,511005,CC1001,2964000,2964000,Contabilizada
FAC-0013,2026-01-08,511010,CC1001,4335500,4335500,Contabilizada
FAC-0014,2026-01-22,511005,CC1001,4620000,4620000,Contabilizada
FAC-0015,2026-04-05,519525,CC2001,3603250,3603250,Contabilizada
FAC-0016,2026-02-24,513595,CC3001,3335000,3335000,Contabilizada
FAC-0017,2026-02-26,511005,CC2002,1146950,1146950,Contabilizada
FAC-0018,2026-01-08,519525,CC1002,3967500,3967500,Contabilizada
FAC-0019,2026-03-13,513595,CC2002,1872100,1872100,Contabilizada
FAC-0020,2026-03-05,512010,CC3001,2737100,2737100,Contabilizada
FAC-0022,2026-01-16,513595,CC2001,4181100,4181100,Contabilizada
FAC-0023,2026-01-27,511005,CC2002,5051500,5051500,Contabilizada
FAC-0024,2026-01-10,512010,CC2001,4790800,4790800,Contabilizada
FAC-0025,2026-01-28,511005,CC2001,882000,882000,Contabilizada
FAC-0026,2026-01-05,512010,CC3001,3653300,3653300,Contabilizada
FAC-0027,2026-01-27,519525,CC2001,844900,844900,Pendiente
FAC-0028,2026-03-13,519525,CC1001,4065600,4065600,Contabilizada
FAC-0029,2026-01-02,511010,CC3001,4025000,4025000,Contabilizada
FAC-0030,2026-01-19,511005,CC1001,2935800,2935800,Contabilizada
FAC-0031,2026-04-01,519525,CC2001,543250,543250,Contabilizada
FAC-0032,2026-01-23,512010,CC1001,2716900,2716900,Contabilizada
FAC-0033,2026-01-24,519525,CC1002,2020000,2020000,Contabilizada
FAC-0035,2026-01-07,513595,CC2002,2750650,2750650,Contabilizada
FAC-0036,2026-02-12,511010,CC2002,1691100,1691100,Contabilizada
FAC-0037,2026-03-03,511010,CC1002,1025200,1025200,Contabilizada
FAC-0038,2026-03-26,511005,CC3001,2842600,2842600,Contabilizada
FAC-0039,2026-01-14,513595,CC2001,263250,263250,Pendiente
FAC-0040,2026-03-26,511010,CC1001,2807650,2807650,Contabilizada
FAC-0041,2026-03-29,512010,CC3001,885400,885400,Contabilizada
FAC-0043,2026-02-08,513595,CC2001,2961000,2961000,Contabilizada
FAC-0044,2026-02-12,511010,CC3001,1794900,1794900,Contabilizada
FAC-0045,2026-03-06,511010,CC3001,1609250,1609250,Contabilizada
FAC-0046,2026-03-09,519525,CC2001,2287050,2287050,Contabilizada
FAC-0047,2026-01-16,519525,CC2001,1280000,1280000,Contabilizada
FAC-0048,2026-03-01,511005,CC1002,2539700,2539700,Contabilizada
FAC-0001,2026-02-15,513595,CC1001,0,0,Contabilizada
FAC-0002,2026-03-18,511010,CC3001,0,0,Contabilizada
FAC-0003,2026-01-02,511010,CC2002,0,0,Contabilizada
FAC-0004,2026-01-06,512010,CC1002,0,0,Contabilizada
FAC-0005,2026-02-03,519525,CC2001,0,0,Contabilizada
FAC-0006,2026-03-08,512010,CC1002,0,0,Contabilizada
