id_factura,nit_proveedor,fecha_factura,concepto,base_gravable,tarifa_iva,valor_iva,tarifa_retencion,valor_retencion,total_factura
FAC-0001,900124907,2026-02-10,Consultoría profesional,4620000,0.0,0,0.04,184800,4435200
FAC-0002,900821427,2026-03-15,Soporte técnico,3940000,0.19,748600,0.04,157600,4531000
FAC-0003,900251590,2026-01-01,Consultoría profesional,660000,0.05,33000,0.0,0,693000
FAC-0004,900471498,2026-01-02,Soporte técnico,3570000,0.05,178500,0.025,89250,3659250
FAC-0005,900416513,2026-02-02,Servicios administrativos,4850000,0.05,242500,0.04,194000,4898500
FAC-0006,900782207,2026-03-07,Consultoría profesional,3800000,0.05,215000,0.0,0,3990000
FAC-0007,900584530,2026-03-10,Compra de suministros,1570000,0.05,78500,0.025,39250,1609250
FAC-0008,900919051,2026-03-24,Compra de suministros,220000,0.19,41800,0.035,7700,254100
FAC-0009,900381202,2026-03-01,Capacitación,560000,0.05,28000,0.04,22400,615600
FAC-0010,900909352,2026-01-15,Capacitación,2690000,0.19,511100,0.04,107600,3093500
FAC-0011,900417489,2026-03-09,Compra de suministros,4420000,0.05,221000,0.04,176800,4464200
FAC-0012,900537867,2026-03-08,Servicios de tecnología,3040000,0.0,0,0.025,76000,2964000
FAC-0013,,2026-01-07,Consultoría profesional,3770000,0.19,716300,0.04,150800,4335500
FAC-0014,900492874,2026-01-19,Soporte técnico,4620000,0.0,0,0.0,0,4620000
FAC-0015,900657112,2026-03-31,Soporte técnico,3550000,0.05,177500,0.035,124250,3603250
FAC-0016,900586989,2026-02-21,Compra de suministros,2900000,0.19,551000,0.04,116000,3335000
FAC-0017,900843993,2026-02-21,Capacitación,1130000,0.05,56500,0.035,39550,1146950
FAC-0018,900009728,2026-01-05,Arrendamiento,3450000,0.19,645500,0.04,138000,3967500
FAC-0019,900842581,2026-03-08,Soporte técnico,1940000,0.0,0,0.035,67900,1872100
FAC-0020,900726294,2026-03-04,Soporte técnico,2710000,0.05,135500,0.04,108400,2737100
FAC-0021,900584936,2026-03-26,Servicios de tecnología,4350000,0.05,217500,0.035,152250,4415250
FAC-0022,900479887,2026-01-13,Soporte técnico,3620000,0.19,687800,0.035,126700,4181100
FAC-0023,900474922,2026-01-24,Capacitación,4410000,0.19,837900,0.04,176400,5051500
FAC-0024,900985806,2026-01-09,Compra de suministros,4720000,0.05,236000,0.035,165200,4790800
FAC-0025,900101359,2026-01-25,Capacitación,840000,0.05,42000,0.0,0,882000
FAC-0026,900096646,2026-01-01,Soporte técnico,3070000,0.19,583300,0.0,0,3653300
FAC-0027,900639772,2026-01-26,Mantenimiento de equipos,710000,0.19,134900,0.0,0,844900
FAC-0028,900788378,2026-03-11,Compra de suministros,3520000,0.19,668800,0.035,123200,4065600
FAC-0029,900162279,2026-01-01,,3500000,0.19,665000,0.04,140000,4025000
FAC-0030,900723263,2026-01-18,Mantenimiento de equipos,2520000,0.19,478800,0.025,63000,2935800
FAC-0031,900627192,2026-03-30,Compra de suministros,530000,0.05,26500,0.025,13250,543250
FAC-0032,900980478,2026-01-18,Compra de suministros,2690000,0.05,134500,0.04,107600,2716900
FAC-0033,900847245,2026-01-20,Mantenimiento de equipos,2020000,0.0,0,0.0,0,2020000
FAC-0034,900408261,2026-01-10,Servicios de tecnología,4360000,0.05,218000,0.035,152600,4425400
FAC-0035,900979941,2026-01-04,Servicios de tecnología,2710000,0.05,135500,0.035,94850,2750650
FAC-0036,900715962,2026-02-08,Soporte técnico,1760000,0.0,0,0.04,70400,1691100
FAC-0037,900994871,2026-03-01,Arrendamiento,880000,0.19,167200,0.025,22000,1025200
FAC-0038,900454671,2026-03-21,Servicios administrativos,2440000,0.19,463600,0.025,61000,2842600
FAC-0039,900711458,2026-01-09,Capacitación,270000,0.0,0,0.025,6750,263250
FAC-0040,900047435,2026-03-24,Servicios de tecnología,2410000,0.19,457900,0.025,60250,2807650
FAC-0041,900507344,2026-03-28,Servicios de tecnología,760000,0.19,144400,0.025,19000,885400
FAC-0042,900823561,,Arrendamiento,920000,0.19,174800,0.025,23000,1071800
FAC-0043,900408915,2026-02-04,Capacitación,2820000,0.05,141000,0.0,0,2961000
FAC-0044,900401799,2026-02-09,Arrendamiento,1860000,0.0,0,0.035,65100,1794900
FAC-0045,900486451,2026-03-05,Capacitación,1570000,0.05,78500,0.025,39250,1609250
FAC-0046,900341615,2026-03-08,Soporte técnico,2370000,0.0,0,0.035,82950,2287050
FAC-0047,900855798,2026-01-13,Mantenimiento de equipos,1280000,0.0,0,0.0,0,1280000
FAC-0048,900921301,2026-02-28,Servicios administrativos,2180000,0.19,414200,0.025,54500,2539700
FAC-0004,900028506,2026-02-15,Arrendamiento,1900000,0.19,361000,0.025,47500,2213500
FAC-0015,900115022,2026-03-21,Compra de suministros,2940000,0.19,558600,0.025,73500,3425100
